{
  "timestamp": "2025-07-04T20:12:49.740817",
  "total_cards": 3512,
  "unique_cards": 358,
  "freshness_ratio": 1.0,
  "goal_progress": 70.24000000000001,
  "daily_target": 200,
  "estimated_completion_days": 7
}